-- ============================================================
-- PropManager Test Seed Data v5
-- 4 Companies · 6 Months (Sep 2024 – Feb 2025)
-- Safe to re-run: deletes existing seed data first
-- ============================================================

-- Clean up previous seed data (safe — only removes our known IDs)
DELETE FROM unmatched_payments   WHERE company_id IN ('aa000001-0000-4000-a000-000000000001','bb000002-0000-4000-b000-000000000002','cc000003-0000-4000-c000-000000000003','dd000004-0000-4000-d000-000000000004');
DELETE FROM csv_import_batches   WHERE company_id IN ('aa000001-0000-4000-a000-000000000001','bb000002-0000-4000-b000-000000000002','cc000003-0000-4000-c000-000000000003','dd000004-0000-4000-d000-000000000004');
DELETE FROM company_setup_progress WHERE company_id IN ('aa000001-0000-4000-a000-000000000001','bb000002-0000-4000-b000-000000000002','cc000003-0000-4000-c000-000000000003','dd000004-0000-4000-d000-000000000004');
DELETE FROM caretaker_permissions WHERE company_id IN ('aa000001-0000-4000-a000-000000000001','bb000002-0000-4000-b000-000000000002','cc000003-0000-4000-c000-000000000003','dd000004-0000-4000-d000-000000000004');
DELETE FROM financial_periods    WHERE company_id IN ('aa000001-0000-4000-a000-000000000001','bb000002-0000-4000-b000-000000000002','cc000003-0000-4000-c000-000000000003','dd000004-0000-4000-d000-000000000004');
DELETE FROM maintenance_requests WHERE company_id IN ('aa000001-0000-4000-a000-000000000001','bb000002-0000-4000-b000-000000000002','cc000003-0000-4000-c000-000000000003','dd000004-0000-4000-d000-000000000004');
DELETE FROM expenses             WHERE company_id IN ('aa000001-0000-4000-a000-000000000001','bb000002-0000-4000-b000-000000000002','cc000003-0000-4000-c000-000000000003','dd000004-0000-4000-d000-000000000004');
DELETE FROM payroll_runs         WHERE company_id IN ('aa000001-0000-4000-a000-000000000001','bb000002-0000-4000-b000-000000000002','cc000003-0000-4000-c000-000000000003','dd000004-0000-4000-d000-000000000004');
DELETE FROM employees            WHERE company_id IN ('aa000001-0000-4000-a000-000000000001','bb000002-0000-4000-b000-000000000002','cc000003-0000-4000-c000-000000000003','dd000004-0000-4000-d000-000000000004');
DELETE FROM monthly_bills        WHERE company_id IN ('aa000001-0000-4000-a000-000000000001','bb000002-0000-4000-b000-000000000002','cc000003-0000-4000-c000-000000000003','dd000004-0000-4000-d000-000000000004');
DELETE FROM leases               WHERE company_id IN ('aa000001-0000-4000-a000-000000000001','bb000002-0000-4000-b000-000000000002','cc000003-0000-4000-c000-000000000003','dd000004-0000-4000-d000-000000000004');
DELETE FROM tenants              WHERE company_id IN ('aa000001-0000-4000-a000-000000000001','bb000002-0000-4000-b000-000000000002','cc000003-0000-4000-c000-000000000003','dd000004-0000-4000-d000-000000000004');
DELETE FROM units                WHERE company_id IN ('aa000001-0000-4000-a000-000000000001','bb000002-0000-4000-b000-000000000002','cc000003-0000-4000-c000-000000000003','dd000004-0000-4000-d000-000000000004');
DELETE FROM properties           WHERE company_id IN ('aa000001-0000-4000-a000-000000000001','bb000002-0000-4000-b000-000000000002','cc000003-0000-4000-c000-000000000003','dd000004-0000-4000-d000-000000000004');
DELETE FROM users                WHERE company_id IN ('aa000001-0000-4000-a000-000000000001','bb000002-0000-4000-b000-000000000002','cc000003-0000-4000-c000-000000000003','dd000004-0000-4000-d000-000000000004');
DELETE FROM companies            WHERE id          IN ('aa000001-0000-4000-a000-000000000001','bb000002-0000-4000-b000-000000000002','cc000003-0000-4000-c000-000000000003','dd000004-0000-4000-d000-000000000004');

-- ============================================================
-- SECTION 1: COMPANIES
-- ============================================================
INSERT INTO companies (id,name,trading_name,registration_number,kra_pin,
  phone,email,address,county,
  payment_method,bank_name,bank_account_number,bank_branch,
  due_day,grace_period_days,penalty_type,penalty_value,penalty_applies_after_days,
  move_in_proration_mode,move_in_proration_cutoff,move_in_proration_method,
  move_out_proration_mode,bill_first_partial_month,
  setup_completed,setup_current_step,expense_approval_threshold) VALUES
('aa000001-0000-4000-a000-000000000001',
 'Skyline Properties Ltd','Skyline Properties','CPR/2019/001234','A001234567B',
 '+254722100001','admin@skylineproperties.co.ke','14 Westlands Road, Nairobi','Nairobi',
 'bank_paybill','I&M Bank','0123456789','Westlands',
 1,5,'percentage',2.0,5,
 'after_cutoff',15,'actual_days','to_actual_date',TRUE,
 TRUE,5,50000);

INSERT INTO companies (id,name,trading_name,registration_number,kra_pin,
  phone,email,address,county,
  payment_method,paybill_number,paybill_account_format,
  due_day,grace_period_days,penalty_type,penalty_value,penalty_applies_after_days,
  move_in_proration_mode,move_in_proration_cutoff,move_in_proration_method,
  move_out_proration_mode,bill_first_partial_month,
  setup_completed,setup_current_step,expense_approval_threshold) VALUES
('bb000002-0000-4000-b000-000000000002',
 'Coast Haven Estates Ltd','Coast Haven','CPR/2020/005678','B005678901C',
 '+254733200002','info@coasthaven.co.ke','Nyali Road, Mombasa','Mombasa',
 'bank_paybill','400200','CH-{unit_number}',
 1,3,'flat',500,3,
 'always',20,'standard_30','full_month',TRUE,
 TRUE,5,30000);

INSERT INTO companies (id,name,trading_name,registration_number,kra_pin,
  phone,email,address,county,
  payment_method,due_day,grace_period_days,
  penalty_type,penalty_value,penalty_applies_after_days,
  move_in_proration_mode,move_out_proration_mode,bill_first_partial_month,
  setup_completed,setup_current_step) VALUES
('cc000003-0000-4000-c000-000000000003',
 'Nakuru Heights Realty','Nakuru Heights','CPR/2021/009012','C009012345D',
 '+254711300003','office@nakuruheights.co.ke','Kenyatta Avenue, Nakuru','Nakuru',
 'cash',5,7,'none',0,0,'never','full_month',FALSE,TRUE,5);

INSERT INTO companies (id,name,trading_name,registration_number,kra_pin,
  phone,email,address,county,
  payment_method,till_number,
  due_day,grace_period_days,penalty_type,penalty_value,penalty_applies_after_days,
  move_in_proration_mode,move_in_proration_cutoff,move_in_proration_method,
  move_out_proration_mode,bill_first_partial_month,
  setup_completed,setup_current_step,expense_approval_threshold) VALUES
('dd000004-0000-4000-d000-000000000004',
 'Kisumu Lakeview Homes','Lakeview Homes','CPR/2022/003456','D003456789E',
 '+254700400004','hello@lakeviewhomes.co.ke','Oginga Odinga Street, Kisumu','Kisumu',
 'bank_paybill','5544321',
 1,5,'flat',1000,7,
 'after_cutoff',10,'standard_30','to_notice_date',TRUE,
 TRUE,5,20000);

-- ============================================================
-- SECTION 2: USERS  (password = bcrypt('Test1234!'))
-- ============================================================
INSERT INTO users (id,company_id,role,email,phone,full_name,password_hash,is_active) VALUES
('a1000001-0000-4000-a000-000000000001','aa000001-0000-4000-a000-000000000001','owner',    'james.mwangi@skylineproperties.co.ke', '+254722100001','James Mwangi',  '$2b$10$92IXUNpkjO0rOQ5byMi.Ye4oKoEa3Ro9llC/.og/at2.uheWG/igi',TRUE),
('a1000002-0000-4000-a000-000000000002','aa000001-0000-4000-a000-000000000001','manager',  'grace.wanjiru@skylineproperties.co.ke','+254733100002','Grace Wanjiru', '$2b$10$92IXUNpkjO0rOQ5byMi.Ye4oKoEa3Ro9llC/.og/at2.uheWG/igi',TRUE),
('a1000003-0000-4000-a000-000000000003','aa000001-0000-4000-a000-000000000001','finance',  'peter.kamau@skylineproperties.co.ke',  '+254700100003','Peter Kamau',   '$2b$10$92IXUNpkjO0rOQ5byMi.Ye4oKoEa3Ro9llC/.og/at2.uheWG/igi',TRUE),
('a1000004-0000-4000-a000-000000000004','aa000001-0000-4000-a000-000000000001','caretaker','john.njoroge@skylineproperties.co.ke', '+254711100004','John Njoroge',  '$2b$10$92IXUNpkjO0rOQ5byMi.Ye4oKoEa3Ro9llC/.og/at2.uheWG/igi',TRUE),
('b2000001-0000-4000-b000-000000000001','bb000002-0000-4000-b000-000000000002','owner',    'fatuma.ali@coasthaven.co.ke',   '+254733200002','Fatuma Ali',    '$2b$10$92IXUNpkjO0rOQ5byMi.Ye4oKoEa3Ro9llC/.og/at2.uheWG/igi',TRUE),
('b2000002-0000-4000-b000-000000000002','bb000002-0000-4000-b000-000000000002','manager',  'hassan.omar@coasthaven.co.ke',  '+254722200002','Hassan Omar',   '$2b$10$92IXUNpkjO0rOQ5byMi.Ye4oKoEa3Ro9llC/.og/at2.uheWG/igi',TRUE),
('b2000003-0000-4000-b000-000000000003','bb000002-0000-4000-b000-000000000002','finance',  'amina.sheikh@coasthaven.co.ke', '+254700200003','Amina Sheikh',  '$2b$10$92IXUNpkjO0rOQ5byMi.Ye4oKoEa3Ro9llC/.og/at2.uheWG/igi',TRUE),
('b2000004-0000-4000-b000-000000000004','bb000002-0000-4000-b000-000000000002','caretaker','said.juma@coasthaven.co.ke',    '+254711200004','Said Juma',     '$2b$10$92IXUNpkjO0rOQ5byMi.Ye4oKoEa3Ro9llC/.og/at2.uheWG/igi',TRUE),
('c3000001-0000-4000-c000-000000000001','cc000003-0000-4000-c000-000000000003','owner',    'samuel.koech@nakuruheights.co.ke',   '+254711300003','Samuel Koech',   '$2b$10$92IXUNpkjO0rOQ5byMi.Ye4oKoEa3Ro9llC/.og/at2.uheWG/igi',TRUE),
('c3000002-0000-4000-c000-000000000002','cc000003-0000-4000-c000-000000000003','manager',  'ruth.chepkoech@nakuruheights.co.ke', '+254722300002','Ruth Chepkoech', '$2b$10$92IXUNpkjO0rOQ5byMi.Ye4oKoEa3Ro9llC/.og/at2.uheWG/igi',TRUE),
('c3000003-0000-4000-c000-000000000003','cc000003-0000-4000-c000-000000000003','caretaker','daniel.mutai@nakuruheights.co.ke',   '+254733300003','Daniel Mutai',   '$2b$10$92IXUNpkjO0rOQ5byMi.Ye4oKoEa3Ro9llC/.og/at2.uheWG/igi',TRUE),
('d4000001-0000-4000-d000-000000000001','dd000004-0000-4000-d000-000000000004','owner',    'otieno.aloo@lakeviewhomes.co.ke',    '+254700400004','Otieno Aloo',    '$2b$10$92IXUNpkjO0rOQ5byMi.Ye4oKoEa3Ro9llC/.og/at2.uheWG/igi',TRUE),
('d4000002-0000-4000-d000-000000000002','dd000004-0000-4000-d000-000000000004','manager',  'agnes.otieno@lakeviewhomes.co.ke',   '+254722400002','Agnes Otieno',   '$2b$10$92IXUNpkjO0rOQ5byMi.Ye4oKoEa3Ro9llC/.og/at2.uheWG/igi',TRUE),
('d4000003-0000-4000-d000-000000000003','dd000004-0000-4000-d000-000000000004','finance',  'kevin.ochieng@lakeviewhomes.co.ke',  '+254733400003','Kevin Ochieng',  '$2b$10$92IXUNpkjO0rOQ5byMi.Ye4oKoEa3Ro9llC/.og/at2.uheWG/igi',TRUE),
('d4000004-0000-4000-d000-000000000004','dd000004-0000-4000-d000-000000000004','caretaker','michael.owino@lakeviewhomes.co.ke',  '+254711400004','Michael Owino',  '$2b$10$92IXUNpkjO0rOQ5byMi.Ye4oKoEa3Ro9llC/.og/at2.uheWG/igi',TRUE);

-- ============================================================
-- SECTION 3: PROPERTIES
-- ============================================================
INSERT INTO properties (id,company_id,name,address,county,total_units) VALUES
('a1ee0001-0000-4000-a000-000000000001','aa000001-0000-4000-a000-000000000001','Skyline Court',          'Westlands Road, Nairobi',  'Nairobi',8),
('a1ee0002-0000-4000-a000-000000000002','aa000001-0000-4000-a000-000000000001','Skyline Villas',         'Kileleshwa, Nairobi',      'Nairobi',4),
('b2ee0001-0000-4000-b000-000000000001','bb000002-0000-4000-b000-000000000002','Nyali Breeze Apartments','Nyali Road, Mombasa',      'Mombasa',10),
('b2ee0002-0000-4000-b000-000000000002','bb000002-0000-4000-b000-000000000002','Bamburi Heights',        'Bamburi, Mombasa',         'Mombasa',6),
('c3ee0001-0000-4000-c000-000000000001','cc000003-0000-4000-c000-000000000003','Milimani Gardens',       'Milimani Estate, Nakuru',  'Nakuru', 8),
('d4ee0001-0000-4000-d000-000000000001','dd000004-0000-4000-d000-000000000004','Lakeview Towers',        'Oginga Odinga St, Kisumu', 'Kisumu', 10),
('d4ee0002-0000-4000-d000-000000000002','dd000004-0000-4000-d000-000000000004','Millenium Court',        'Jomo Kenyatta Hwy, Kisumu','Kisumu', 6);

-- ============================================================
-- SECTION 4: UNITS
-- ============================================================
INSERT INTO units (id,company_id,property_id,unit_number,floor_number,bedrooms,bathrooms,is_occupied) VALUES
('a1f00001-0000-4000-a000-000000000001','aa000001-0000-4000-a000-000000000001','a1ee0001-0000-4000-a000-000000000001','A1',1,1,1,TRUE),
('a1f00002-0000-4000-a000-000000000002','aa000001-0000-4000-a000-000000000001','a1ee0001-0000-4000-a000-000000000001','A2',1,2,1,TRUE),
('a1f00003-0000-4000-a000-000000000003','aa000001-0000-4000-a000-000000000001','a1ee0001-0000-4000-a000-000000000001','A3',1,1,1,TRUE),
('a1f00004-0000-4000-a000-000000000004','aa000001-0000-4000-a000-000000000001','a1ee0001-0000-4000-a000-000000000001','A4',2,2,2,TRUE),
('a1f00005-0000-4000-a000-000000000005','aa000001-0000-4000-a000-000000000001','a1ee0001-0000-4000-a000-000000000001','B1',2,1,1,TRUE),
('a1f00006-0000-4000-a000-000000000006','aa000001-0000-4000-a000-000000000001','a1ee0001-0000-4000-a000-000000000001','B2',2,2,1,TRUE),
('a1f00007-0000-4000-a000-000000000007','aa000001-0000-4000-a000-000000000001','a1ee0001-0000-4000-a000-000000000001','B3',3,1,1,FALSE),
('a1f00008-0000-4000-a000-000000000008','aa000001-0000-4000-a000-000000000001','a1ee0001-0000-4000-a000-000000000001','B4',3,3,2,FALSE),
('a1f00009-0000-4000-a000-000000000009','aa000001-0000-4000-a000-000000000001','a1ee0002-0000-4000-a000-000000000002','V1',0,3,2,TRUE),
('a1f00010-0000-4000-a000-000000000010','aa000001-0000-4000-a000-000000000001','a1ee0002-0000-4000-a000-000000000002','V2',0,3,2,TRUE),
('a1f00011-0000-4000-a000-000000000011','aa000001-0000-4000-a000-000000000001','a1ee0002-0000-4000-a000-000000000002','V3',0,4,3,TRUE),
('a1f00012-0000-4000-a000-000000000012','aa000001-0000-4000-a000-000000000001','a1ee0002-0000-4000-a000-000000000002','V4',0,4,3,FALSE),
('b2f00001-0000-4000-b000-000000000001','bb000002-0000-4000-b000-000000000002','b2ee0001-0000-4000-b000-000000000001','101',1,1,1,TRUE),
('b2f00002-0000-4000-b000-000000000002','bb000002-0000-4000-b000-000000000002','b2ee0001-0000-4000-b000-000000000001','102',1,2,1,TRUE),
('b2f00003-0000-4000-b000-000000000003','bb000002-0000-4000-b000-000000000002','b2ee0001-0000-4000-b000-000000000001','103',1,1,1,TRUE),
('b2f00004-0000-4000-b000-000000000004','bb000002-0000-4000-b000-000000000002','b2ee0001-0000-4000-b000-000000000001','201',2,2,2,TRUE),
('b2f00005-0000-4000-b000-000000000005','bb000002-0000-4000-b000-000000000002','b2ee0001-0000-4000-b000-000000000001','202',2,2,1,TRUE),
('b2f00006-0000-4000-b000-000000000006','bb000002-0000-4000-b000-000000000002','b2ee0001-0000-4000-b000-000000000001','203',2,1,1,FALSE),
('b2f00007-0000-4000-b000-000000000007','bb000002-0000-4000-b000-000000000002','b2ee0001-0000-4000-b000-000000000001','301',3,3,2,TRUE),
('b2f00008-0000-4000-b000-000000000008','bb000002-0000-4000-b000-000000000002','b2ee0001-0000-4000-b000-000000000001','302',3,2,2,TRUE),
('b2f00009-0000-4000-b000-000000000009','bb000002-0000-4000-b000-000000000002','b2ee0001-0000-4000-b000-000000000001','303',3,1,1,TRUE),
('b2f00010-0000-4000-b000-000000000010','bb000002-0000-4000-b000-000000000002','b2ee0001-0000-4000-b000-000000000001','304',3,2,2,FALSE),
('b2f00011-0000-4000-b000-000000000011','bb000002-0000-4000-b000-000000000002','b2ee0002-0000-4000-b000-000000000002','G1',0,2,1,TRUE),
('b2f00012-0000-4000-b000-000000000012','bb000002-0000-4000-b000-000000000002','b2ee0002-0000-4000-b000-000000000002','G2',0,2,1,TRUE),
('b2f00013-0000-4000-b000-000000000013','bb000002-0000-4000-b000-000000000002','b2ee0002-0000-4000-b000-000000000002','G3',0,1,1,TRUE),
('b2f00014-0000-4000-b000-000000000014','bb000002-0000-4000-b000-000000000002','b2ee0002-0000-4000-b000-000000000002','F1',1,3,2,TRUE),
('b2f00015-0000-4000-b000-000000000015','bb000002-0000-4000-b000-000000000002','b2ee0002-0000-4000-b000-000000000002','F2',1,2,1,FALSE),
('b2f00016-0000-4000-b000-000000000016','bb000002-0000-4000-b000-000000000002','b2ee0002-0000-4000-b000-000000000002','F3',1,1,1,FALSE),
('c3f00001-0000-4000-c000-000000000001','cc000003-0000-4000-c000-000000000003','c3ee0001-0000-4000-c000-000000000001','1A',1,1,1,TRUE),
('c3f00002-0000-4000-c000-000000000002','cc000003-0000-4000-c000-000000000003','c3ee0001-0000-4000-c000-000000000001','1B',1,2,1,TRUE),
('c3f00003-0000-4000-c000-000000000003','cc000003-0000-4000-c000-000000000003','c3ee0001-0000-4000-c000-000000000001','1C',1,1,1,TRUE),
('c3f00004-0000-4000-c000-000000000004','cc000003-0000-4000-c000-000000000003','c3ee0001-0000-4000-c000-000000000001','2A',2,2,2,TRUE),
('c3f00005-0000-4000-c000-000000000005','cc000003-0000-4000-c000-000000000003','c3ee0001-0000-4000-c000-000000000001','2B',2,3,2,TRUE),
('c3f00006-0000-4000-c000-000000000006','cc000003-0000-4000-c000-000000000003','c3ee0001-0000-4000-c000-000000000001','2C',2,1,1,FALSE),
('c3f00007-0000-4000-c000-000000000007','cc000003-0000-4000-c000-000000000003','c3ee0001-0000-4000-c000-000000000001','3A',3,2,1,TRUE),
('c3f00008-0000-4000-c000-000000000008','cc000003-0000-4000-c000-000000000003','c3ee0001-0000-4000-c000-000000000001','3B',3,3,2,FALSE),
('d4f00001-0000-4000-d000-000000000001','dd000004-0000-4000-d000-000000000004','d4ee0001-0000-4000-d000-000000000001','LT-01',1,1,1,TRUE),
('d4f00002-0000-4000-d000-000000000002','dd000004-0000-4000-d000-000000000004','d4ee0001-0000-4000-d000-000000000001','LT-02',1,2,1,TRUE),
('d4f00003-0000-4000-d000-000000000003','dd000004-0000-4000-d000-000000000004','d4ee0001-0000-4000-d000-000000000001','LT-03',1,1,1,TRUE),
('d4f00004-0000-4000-d000-000000000004','dd000004-0000-4000-d000-000000000004','d4ee0001-0000-4000-d000-000000000001','LT-04',2,2,2,TRUE),
('d4f00005-0000-4000-d000-000000000005','dd000004-0000-4000-d000-000000000004','d4ee0001-0000-4000-d000-000000000001','LT-05',2,3,2,TRUE),
('d4f00006-0000-4000-d000-000000000006','dd000004-0000-4000-d000-000000000004','d4ee0001-0000-4000-d000-000000000001','LT-06',2,1,1,FALSE),
('d4f00007-0000-4000-d000-000000000007','dd000004-0000-4000-d000-000000000004','d4ee0001-0000-4000-d000-000000000001','LT-07',3,2,2,TRUE),
('d4f00008-0000-4000-d000-000000000008','dd000004-0000-4000-d000-000000000004','d4ee0001-0000-4000-d000-000000000001','LT-08',3,3,2,TRUE),
('d4f00009-0000-4000-d000-000000000009','dd000004-0000-4000-d000-000000000004','d4ee0001-0000-4000-d000-000000000001','LT-09',3,1,1,TRUE),
('d4f00010-0000-4000-d000-000000000010','dd000004-0000-4000-d000-000000000004','d4ee0001-0000-4000-d000-000000000001','LT-10',4,2,2,FALSE),
('d4f00011-0000-4000-d000-000000000011','dd000004-0000-4000-d000-000000000004','d4ee0002-0000-4000-d000-000000000002','MC-A',1,2,1,TRUE),
('d4f00012-0000-4000-d000-000000000012','dd000004-0000-4000-d000-000000000004','d4ee0002-0000-4000-d000-000000000002','MC-B',1,2,1,TRUE),
('d4f00013-0000-4000-d000-000000000013','dd000004-0000-4000-d000-000000000004','d4ee0002-0000-4000-d000-000000000002','MC-C',1,3,2,TRUE),
('d4f00014-0000-4000-d000-000000000014','dd000004-0000-4000-d000-000000000004','d4ee0002-0000-4000-d000-000000000002','MC-D',2,1,1,FALSE),
('d4f00015-0000-4000-d000-000000000015','dd000004-0000-4000-d000-000000000004','d4ee0002-0000-4000-d000-000000000002','MC-E',2,2,2,TRUE),
('d4f00016-0000-4000-d000-000000000016','dd000004-0000-4000-d000-000000000004','d4ee0002-0000-4000-d000-000000000002','MC-F',2,3,2,FALSE);

-- ============================================================
-- SECTION 5: TENANTS
-- ============================================================
INSERT INTO tenants (id,company_id,full_name,phone,email,national_id,notify_sms,notify_email) VALUES
('a1a00001-0000-4000-a000-000000000001','aa000001-0000-4000-a000-000000000001','David Kariuki',  '+254720001001','david.kariuki@gmail.com',  '12345001',TRUE,TRUE),
('a1a00002-0000-4000-a000-000000000002','aa000001-0000-4000-a000-000000000001','Mary Wambui',    '+254720001002','mary.wambui@gmail.com',    '12345002',TRUE,FALSE),
('a1a00003-0000-4000-a000-000000000003','aa000001-0000-4000-a000-000000000001','George Ochieng', '+254720001003','george.ochieng@gmail.com', '12345003',TRUE,TRUE),
('a1a00004-0000-4000-a000-000000000004','aa000001-0000-4000-a000-000000000001','Sarah Njeri',    '+254720001004','sarah.njeri@gmail.com',    '12345004',FALSE,TRUE),
('a1a00005-0000-4000-a000-000000000005','aa000001-0000-4000-a000-000000000001','Paul Muthomi',   '+254720001005','paul.muthomi@gmail.com',   '12345005',TRUE,TRUE),
('a1a00006-0000-4000-a000-000000000006','aa000001-0000-4000-a000-000000000001','Lucy Wangari',   '+254720001006','lucy.wangari@gmail.com',   '12345006',TRUE,TRUE),
('a1a00007-0000-4000-a000-000000000007','aa000001-0000-4000-a000-000000000001','James Kiplagat', '+254720001007','james.kiplagat@gmail.com', '12345007',TRUE,FALSE),
('a1a00008-0000-4000-a000-000000000008','aa000001-0000-4000-a000-000000000001','Ann Mutinda',    '+254720001008','ann.mutinda@gmail.com',    '12345008',TRUE,TRUE),
('a1a00009-0000-4000-a000-000000000009','aa000001-0000-4000-a000-000000000001','Brian Ndungu',   '+254720001009','brian.ndungu@gmail.com',   '12345009',TRUE,TRUE),
('b2a00001-0000-4000-b000-000000000001','bb000002-0000-4000-b000-000000000002','Zainab Mwangi',  '+254733002001','zainab.mwangi@gmail.com',  '22345001',TRUE,TRUE),
('b2a00002-0000-4000-b000-000000000002','bb000002-0000-4000-b000-000000000002','Omar Farouk',    '+254733002002','omar.farouk@gmail.com',    '22345002',TRUE,TRUE),
('b2a00003-0000-4000-b000-000000000003','bb000002-0000-4000-b000-000000000002','Priya Patel',    '+254733002003','priya.patel@gmail.com',    '22345003',FALSE,TRUE),
('b2a00004-0000-4000-b000-000000000004','bb000002-0000-4000-b000-000000000002','Kevin Mutua',    '+254733002004','kevin.mutua@gmail.com',    '22345004',TRUE,FALSE),
('b2a00005-0000-4000-b000-000000000005','bb000002-0000-4000-b000-000000000002','Alice Achieng',  '+254733002005','alice.achieng@gmail.com',  '22345005',TRUE,TRUE),
('b2a00006-0000-4000-b000-000000000006','bb000002-0000-4000-b000-000000000002','Mohammed Sharif','+254733002006','mohammed.sharif@gmail.com','22345006',TRUE,TRUE),
('b2a00007-0000-4000-b000-000000000007','bb000002-0000-4000-b000-000000000002','Grace Mwende',   '+254733002007','grace.mwende@gmail.com',   '22345007',TRUE,TRUE),
('b2a00008-0000-4000-b000-000000000008','bb000002-0000-4000-b000-000000000002','Joseph Kamau',   '+254733002008','joseph.kamau@gmail.com',   '22345008',TRUE,FALSE),
('b2a00009-0000-4000-b000-000000000009','bb000002-0000-4000-b000-000000000002','Nadia Hassan',   '+254733002009','nadia.hassan@gmail.com',   '22345009',TRUE,TRUE),
('b2a00010-0000-4000-b000-000000000010','bb000002-0000-4000-b000-000000000002','Peter Omondi',   '+254733002010','peter.omondi@gmail.com',   '22345010',TRUE,TRUE),
('c3a00001-0000-4000-c000-000000000001','cc000003-0000-4000-c000-000000000003','Lilian Chebet',  '+254711003001','lilian.chebet@gmail.com',  '32345001',TRUE,TRUE),
('c3a00002-0000-4000-c000-000000000002','cc000003-0000-4000-c000-000000000003','Felix Kipkoech', '+254711003002','felix.kipkoech@gmail.com', '32345002',TRUE,FALSE),
('c3a00003-0000-4000-c000-000000000003','cc000003-0000-4000-c000-000000000003','Rose Wanjiku',   '+254711003003','rose.wanjiku@gmail.com',   '32345003',FALSE,TRUE),
('c3a00004-0000-4000-c000-000000000004','cc000003-0000-4000-c000-000000000003','Isaac Tarus',    '+254711003004','isaac.tarus@gmail.com',    '32345004',TRUE,TRUE),
('c3a00005-0000-4000-c000-000000000005','cc000003-0000-4000-c000-000000000003','Margaret Kiptoo','+254711003005','margaret.kiptoo@gmail.com','32345005',TRUE,TRUE),
('c3a00006-0000-4000-c000-000000000006','cc000003-0000-4000-c000-000000000003','Victor Rotich',  '+254711003006','victor.rotich@gmail.com',  '32345006',TRUE,FALSE),
('d4a00001-0000-4000-d000-000000000001','dd000004-0000-4000-d000-000000000004','Auma Ogolla',    '+254700004001','auma.ogolla@gmail.com',    '42345001',TRUE,TRUE),
('d4a00002-0000-4000-d000-000000000002','dd000004-0000-4000-d000-000000000004','Silas Odhiambo', '+254700004002','silas.odhiambo@gmail.com', '42345002',TRUE,TRUE),
('d4a00003-0000-4000-d000-000000000003','dd000004-0000-4000-d000-000000000004','Caroline Akello','+254700004003','caroline.akello@gmail.com','42345003',TRUE,FALSE),
('d4a00004-0000-4000-d000-000000000004','dd000004-0000-4000-d000-000000000004','Dennis Otieno',  '+254700004004','dennis.otieno@gmail.com',  '42345004',TRUE,TRUE),
('d4a00005-0000-4000-d000-000000000005','dd000004-0000-4000-d000-000000000004','Winnie Adhiambo','+254700004005','winnie.adhiambo@gmail.com','42345005',FALSE,TRUE),
('d4a00006-0000-4000-d000-000000000006','dd000004-0000-4000-d000-000000000004','Fredrick Omondi','+254700004006','fredrick.omondi@gmail.com','42345006',TRUE,TRUE),
('d4a00007-0000-4000-d000-000000000007','dd000004-0000-4000-d000-000000000004','Beatrice Awino', '+254700004007','beatrice.awino@gmail.com', '42345007',TRUE,TRUE),
('d4a00008-0000-4000-d000-000000000008','dd000004-0000-4000-d000-000000000004','Collins Nyamwea','+254700004008','collins.nyamwea@gmail.com','42345008',TRUE,FALSE),
('d4a00009-0000-4000-d000-000000000009','dd000004-0000-4000-d000-000000000004','Esther Okoyo',   '+254700004009','esther.okoyo@gmail.com',   '42345009',TRUE,TRUE),
('d4a00010-0000-4000-d000-000000000010','dd000004-0000-4000-d000-000000000004','Thomas Ogutu',   '+254700004010','thomas.ogutu@gmail.com',   '42345010',TRUE,TRUE);

-- ============================================================
-- SECTION 6: LEASES
-- ============================================================
INSERT INTO leases (id,company_id,unit_id,primary_tenant_id,
  status,start_date,end_date,monthly_rent,deposit_amount,
  deposit_paid_amount,deposit_paid_at,notice_period_days,first_bill_generated,
  snap_payment_method,snap_account_reference,
  snap_move_in_proration_mode,snap_move_in_proration_method,snap_move_out_proration_mode) VALUES
('a1b00001-0000-4000-a000-000000000001','aa000001-0000-4000-a000-000000000001','a1f00001-0000-4000-a000-000000000001','a1a00001-0000-4000-a000-000000000001','active',    '2024-09-01','2025-08-31', 25000,25000,25000,'2024-08-28',30,TRUE,'bank_paybill','SKY-A1-001','after_cutoff','actual_days','to_actual_date'),
('a1b00002-0000-4000-a000-000000000002','aa000001-0000-4000-a000-000000000001','a1f00002-0000-4000-a000-000000000002','a1a00002-0000-4000-a000-000000000002','active',    '2024-09-01','2025-08-31', 35000,35000,35000,'2024-08-29',30,TRUE,'bank_paybill','SKY-A2-002','after_cutoff','actual_days','to_actual_date'),
('a1b00003-0000-4000-a000-000000000003','aa000001-0000-4000-a000-000000000001','a1f00003-0000-4000-a000-000000000003','a1a00003-0000-4000-a000-000000000003','active',    '2024-10-01','2025-09-30', 24000,24000,24000,'2024-09-27',30,TRUE,'bank_paybill','SKY-A3-003','after_cutoff','actual_days','to_actual_date'),
('a1b00004-0000-4000-a000-000000000004','aa000001-0000-4000-a000-000000000001','a1f00004-0000-4000-a000-000000000004','a1a00004-0000-4000-a000-000000000004','active',    '2024-09-01','2025-08-31', 45000,45000,45000,'2024-08-28',30,TRUE,'bank_paybill','SKY-A4-004','after_cutoff','actual_days','to_actual_date'),
('a1b00005-0000-4000-a000-000000000005','aa000001-0000-4000-a000-000000000001','a1f00005-0000-4000-a000-000000000005','a1a00005-0000-4000-a000-000000000005','active',    '2024-11-01','2025-10-31', 26000,26000,26000,'2024-10-28',30,TRUE,'bank_paybill','SKY-B1-005','after_cutoff','actual_days','to_actual_date'),
('a1b00006-0000-4000-a000-000000000006','aa000001-0000-4000-a000-000000000001','a1f00006-0000-4000-a000-000000000006','a1a00006-0000-4000-a000-000000000006','notice',    '2024-09-01','2025-08-31', 38000,38000,38000,'2024-08-28',30,TRUE,'bank_paybill','SKY-B2-006','after_cutoff','actual_days','to_actual_date'),
('a1b00007-0000-4000-a000-000000000007','aa000001-0000-4000-a000-000000000001','a1f00009-0000-4000-a000-000000000009','a1a00007-0000-4000-a000-000000000007','active',    '2024-09-01','2025-08-31', 80000,80000,80000,'2024-08-28',60,TRUE,'bank_paybill','SKY-V1-007','after_cutoff','actual_days','to_actual_date'),
('a1b00008-0000-4000-a000-000000000008','aa000001-0000-4000-a000-000000000001','a1f00010-0000-4000-a000-000000000010','a1a00008-0000-4000-a000-000000000008','active',    '2024-09-01','2025-08-31', 85000,85000,85000,'2024-08-28',60,TRUE,'bank_paybill','SKY-V2-008','after_cutoff','actual_days','to_actual_date'),
('a1b00009-0000-4000-a000-000000000009','aa000001-0000-4000-a000-000000000001','a1f00011-0000-4000-a000-000000000011','a1a00009-0000-4000-a000-000000000009','terminated','2024-09-01','2025-02-28', 95000,95000,95000,'2024-08-28',60,TRUE,'bank_paybill','SKY-V3-009','after_cutoff','actual_days','to_actual_date'),
('b2b00001-0000-4000-b000-000000000001','bb000002-0000-4000-b000-000000000002','b2f00001-0000-4000-b000-000000000001','b2a00001-0000-4000-b000-000000000001','active','2024-09-01','2025-08-31',18000,18000,18000,'2024-08-27',30,TRUE,'bank_paybill','CH-101-001','always','standard_30','full_month'),
('b2b00002-0000-4000-b000-000000000002','bb000002-0000-4000-b000-000000000002','b2f00002-0000-4000-b000-000000000002','b2a00002-0000-4000-b000-000000000002','active','2024-09-01','2025-08-31',28000,28000,28000,'2024-08-27',30,TRUE,'bank_paybill','CH-102-002','always','standard_30','full_month'),
('b2b00003-0000-4000-b000-000000000003','bb000002-0000-4000-b000-000000000002','b2f00003-0000-4000-b000-000000000003','b2a00003-0000-4000-b000-000000000003','active','2024-10-15','2025-10-14',18000,18000,18000,'2024-10-14',30,TRUE,'bank_paybill','CH-103-003','always','standard_30','full_month'),
('b2b00004-0000-4000-b000-000000000004','bb000002-0000-4000-b000-000000000002','b2f00004-0000-4000-b000-000000000004','b2a00004-0000-4000-b000-000000000004','active','2024-09-01','2025-08-31',38000,38000,38000,'2024-08-28',30,TRUE,'bank_paybill','CH-201-004','always','standard_30','full_month'),
('b2b00005-0000-4000-b000-000000000005','bb000002-0000-4000-b000-000000000002','b2f00005-0000-4000-b000-000000000005','b2a00005-0000-4000-b000-000000000005','active','2024-09-01','2025-08-31',32000,32000,32000,'2024-08-28',30,TRUE,'bank_paybill','CH-202-005','always','standard_30','full_month'),
('b2b00006-0000-4000-b000-000000000006','bb000002-0000-4000-b000-000000000002','b2f00007-0000-4000-b000-000000000007','b2a00006-0000-4000-b000-000000000006','active','2024-09-01','2025-08-31',55000,55000,55000,'2024-08-27',30,TRUE,'bank_paybill','CH-301-006','always','standard_30','full_month'),
('b2b00007-0000-4000-b000-000000000007','bb000002-0000-4000-b000-000000000002','b2f00008-0000-4000-b000-000000000008','b2a00007-0000-4000-b000-000000000007','active','2024-09-01','2025-08-31',42000,42000,42000,'2024-08-28',30,TRUE,'bank_paybill','CH-302-007','always','standard_30','full_month'),
('b2b00008-0000-4000-b000-000000000008','bb000002-0000-4000-b000-000000000002','b2f00009-0000-4000-b000-000000000009','b2a00008-0000-4000-b000-000000000008','active','2024-11-01','2025-10-31',20000,20000,20000,'2024-10-29',30,TRUE,'bank_paybill','CH-303-008','always','standard_30','full_month'),
('b2b00009-0000-4000-b000-000000000009','bb000002-0000-4000-b000-000000000002','b2f00011-0000-4000-b000-000000000011','b2a00009-0000-4000-b000-000000000009','active','2024-09-01','2025-08-31',24000,24000,24000,'2024-08-27',30,TRUE,'bank_paybill','CH-G1-009','always','standard_30','full_month'),
('b2b00010-0000-4000-b000-000000000010','bb000002-0000-4000-b000-000000000002','b2f00012-0000-4000-b000-000000000012','b2a00010-0000-4000-b000-000000000010','active','2024-09-01','2025-08-31',24000,24000,24000,'2024-08-27',30,TRUE,'bank_paybill','CH-G2-010','always','standard_30','full_month'),
('c3b00001-0000-4000-c000-000000000001','cc000003-0000-4000-c000-000000000003','c3f00001-0000-4000-c000-000000000001','c3a00001-0000-4000-c000-000000000001','active','2024-09-01','2025-08-31',12000,12000,12000,'2024-08-28',30,TRUE,'cash','NKR-1A-001','never',NULL,'full_month'),
('c3b00002-0000-4000-c000-000000000002','cc000003-0000-4000-c000-000000000003','c3f00002-0000-4000-c000-000000000002','c3a00002-0000-4000-c000-000000000002','active','2024-09-01','2025-08-31',18000,18000,18000,'2024-08-28',30,TRUE,'cash','NKR-1B-002','never',NULL,'full_month'),
('c3b00003-0000-4000-c000-000000000003','cc000003-0000-4000-c000-000000000003','c3f00003-0000-4000-c000-000000000003','c3a00003-0000-4000-c000-000000000003','active','2024-09-01','2025-08-31',12000,12000,12000,'2024-08-28',30,TRUE,'cash','NKR-1C-003','never',NULL,'full_month'),
('c3b00004-0000-4000-c000-000000000004','cc000003-0000-4000-c000-000000000003','c3f00004-0000-4000-c000-000000000004','c3a00004-0000-4000-c000-000000000004','active','2024-09-01','2025-08-31',20000,20000,20000,'2024-08-28',30,TRUE,'cash','NKR-2A-004','never',NULL,'full_month'),
('c3b00005-0000-4000-c000-000000000005','cc000003-0000-4000-c000-000000000003','c3f00005-0000-4000-c000-000000000005','c3a00005-0000-4000-c000-000000000005','active','2024-10-01','2025-09-30',28000,28000,28000,'2024-09-28',30,TRUE,'cash','NKR-2B-005','never',NULL,'full_month'),
('c3b00006-0000-4000-c000-000000000006','cc000003-0000-4000-c000-000000000003','c3f00007-0000-4000-c000-000000000007','c3a00006-0000-4000-c000-000000000006','active','2024-09-01','2025-08-31',22000,22000,22000,'2024-08-28',30,TRUE,'cash','NKR-3A-006','never',NULL,'full_month'),
('d4b00001-0000-4000-d000-000000000001','dd000004-0000-4000-d000-000000000004','d4f00001-0000-4000-d000-000000000001','d4a00001-0000-4000-d000-000000000001','active','2024-09-01','2025-08-31',15000,15000,15000,'2024-08-28',30,TRUE,'bank_paybill','LV-LT01-001','after_cutoff','standard_30','to_notice_date'),
('d4b00002-0000-4000-d000-000000000002','dd000004-0000-4000-d000-000000000004','d4f00002-0000-4000-d000-000000000002','d4a00002-0000-4000-d000-000000000002','active','2024-09-01','2025-08-31',22000,22000,22000,'2024-08-28',30,TRUE,'bank_paybill','LV-LT02-002','after_cutoff','standard_30','to_notice_date'),
('d4b00003-0000-4000-d000-000000000003','dd000004-0000-4000-d000-000000000004','d4f00003-0000-4000-d000-000000000003','d4a00003-0000-4000-d000-000000000003','active','2024-10-01','2025-09-30',15000,15000,15000,'2024-09-28',30,TRUE,'bank_paybill','LV-LT03-003','after_cutoff','standard_30','to_notice_date'),
('d4b00004-0000-4000-d000-000000000004','dd000004-0000-4000-d000-000000000004','d4f00004-0000-4000-d000-000000000004','d4a00004-0000-4000-d000-000000000004','active','2024-09-01','2025-08-31',28000,28000,28000,'2024-08-28',30,TRUE,'bank_paybill','LV-LT04-004','after_cutoff','standard_30','to_notice_date'),
('d4b00005-0000-4000-d000-000000000005','dd000004-0000-4000-d000-000000000004','d4f00005-0000-4000-d000-000000000005','d4a00005-0000-4000-d000-000000000005','active','2024-09-01','2025-08-31',35000,35000,35000,'2024-08-28',30,TRUE,'bank_paybill','LV-LT05-005','after_cutoff','standard_30','to_notice_date'),
('d4b00006-0000-4000-d000-000000000006','dd000004-0000-4000-d000-000000000004','d4f00007-0000-4000-d000-000000000007','d4a00006-0000-4000-d000-000000000006','active','2024-09-01','2025-08-31',28000,28000,28000,'2024-08-28',30,TRUE,'bank_paybill','LV-LT07-006','after_cutoff','standard_30','to_notice_date'),
('d4b00007-0000-4000-d000-000000000007','dd000004-0000-4000-d000-000000000004','d4f00008-0000-4000-d000-000000000008','d4a00007-0000-4000-d000-000000000007','active','2024-09-01','2025-08-31',38000,38000,38000,'2024-08-28',30,TRUE,'bank_paybill','LV-LT08-007','after_cutoff','standard_30','to_notice_date'),
('d4b00008-0000-4000-d000-000000000008','dd000004-0000-4000-d000-000000000004','d4f00009-0000-4000-d000-000000000009','d4a00008-0000-4000-d000-000000000008','active','2024-11-01','2025-10-31',15000,15000,15000,'2024-10-28',30,TRUE,'bank_paybill','LV-LT09-008','after_cutoff','standard_30','to_notice_date'),
('d4b00009-0000-4000-d000-000000000009','dd000004-0000-4000-d000-000000000004','d4f00011-0000-4000-d000-000000000011','d4a00009-0000-4000-d000-000000000009','active','2024-09-01','2025-08-31',22000,22000,22000,'2024-08-28',30,TRUE,'bank_paybill','LV-MCA-009','after_cutoff','standard_30','to_notice_date'),
('d4b00010-0000-4000-d000-000000000010','dd000004-0000-4000-d000-000000000004','d4f00012-0000-4000-d000-000000000012','d4a00010-0000-4000-d000-000000000010','active','2024-09-01','2025-08-31',22000,22000,22000,'2024-08-28',30,TRUE,'bank_paybill','LV-MCB-010','after_cutoff','standard_30','to_notice_date');

UPDATE leases SET terminated_at='2025-02-15',termination_reason='Tenant relocated abroad',actual_move_out_date='2025-02-28'
  WHERE id='a1b00009-0000-4000-a000-000000000009';
UPDATE leases SET vacate_notice_date='2025-01-15',stated_move_out_date='2025-02-28'
  WHERE id='a1b00006-0000-4000-a000-000000000006';

-- ============================================================
-- SECTION 7: MONTHLY BILLS
-- total_amount and total_due are GENERATED columns — insert rent_amount only
-- ============================================================
INSERT INTO monthly_bills (id,company_id,lease_id,unit_id,for_month,due_date,bill_type,
  rent_amount,total_paid,status,snap_payment_method,snap_account_reference,generated_by) VALUES
(gen_random_uuid(),'aa000001-0000-4000-a000-000000000001','a1b00001-0000-4000-a000-000000000001','a1f00001-0000-4000-a000-000000000001','2024-09-01','2024-09-01','rent',25000,25000,'paid','bank_paybill','SKY-A1-001','cron'),
(gen_random_uuid(),'aa000001-0000-4000-a000-000000000001','a1b00001-0000-4000-a000-000000000001','a1f00001-0000-4000-a000-000000000001','2024-10-01','2024-10-01','rent',25000,25000,'paid','bank_paybill','SKY-A1-001','cron'),
(gen_random_uuid(),'aa000001-0000-4000-a000-000000000001','a1b00001-0000-4000-a000-000000000001','a1f00001-0000-4000-a000-000000000001','2024-11-01','2024-11-01','rent',25000,25000,'paid','bank_paybill','SKY-A1-001','cron'),
(gen_random_uuid(),'aa000001-0000-4000-a000-000000000001','a1b00001-0000-4000-a000-000000000001','a1f00001-0000-4000-a000-000000000001','2024-12-01','2024-12-01','rent',25000,25000,'paid','bank_paybill','SKY-A1-001','cron'),
(gen_random_uuid(),'aa000001-0000-4000-a000-000000000001','a1b00001-0000-4000-a000-000000000001','a1f00001-0000-4000-a000-000000000001','2025-01-01','2025-01-01','rent',25000,25000,'paid','bank_paybill','SKY-A1-001','cron'),
(gen_random_uuid(),'aa000001-0000-4000-a000-000000000001','a1b00001-0000-4000-a000-000000000001','a1f00001-0000-4000-a000-000000000001','2025-02-01','2025-02-01','rent',25000,0,'open','bank_paybill','SKY-A1-001','cron'),
(gen_random_uuid(),'aa000001-0000-4000-a000-000000000001','a1b00002-0000-4000-a000-000000000002','a1f00002-0000-4000-a000-000000000002','2024-09-01','2024-09-01','rent',35000,35000,'paid','bank_paybill','SKY-A2-002','cron'),
(gen_random_uuid(),'aa000001-0000-4000-a000-000000000001','a1b00002-0000-4000-a000-000000000002','a1f00002-0000-4000-a000-000000000002','2024-10-01','2024-10-01','rent',35000,35000,'paid','bank_paybill','SKY-A2-002','cron'),
(gen_random_uuid(),'aa000001-0000-4000-a000-000000000001','a1b00002-0000-4000-a000-000000000002','a1f00002-0000-4000-a000-000000000002','2024-11-01','2024-11-01','rent',35000,35000,'paid','bank_paybill','SKY-A2-002','cron'),
(gen_random_uuid(),'aa000001-0000-4000-a000-000000000001','a1b00002-0000-4000-a000-000000000002','a1f00002-0000-4000-a000-000000000002','2024-12-01','2024-12-01','rent',35000,0,'overdue','bank_paybill','SKY-A2-002','cron'),
(gen_random_uuid(),'aa000001-0000-4000-a000-000000000001','a1b00002-0000-4000-a000-000000000002','a1f00002-0000-4000-a000-000000000002','2025-01-01','2025-01-01','rent',35000,35000,'paid','bank_paybill','SKY-A2-002','cron'),
(gen_random_uuid(),'aa000001-0000-4000-a000-000000000001','a1b00002-0000-4000-a000-000000000002','a1f00002-0000-4000-a000-000000000002','2025-02-01','2025-02-01','rent',35000,35000,'paid','bank_paybill','SKY-A2-002','cron'),
(gen_random_uuid(),'aa000001-0000-4000-a000-000000000001','a1b00003-0000-4000-a000-000000000003','a1f00003-0000-4000-a000-000000000003','2024-10-01','2024-10-01','rent',24000,24000,'paid','bank_paybill','SKY-A3-003','cron'),
(gen_random_uuid(),'aa000001-0000-4000-a000-000000000001','a1b00003-0000-4000-a000-000000000003','a1f00003-0000-4000-a000-000000000003','2024-11-01','2024-11-01','rent',24000,10000,'partial','bank_paybill','SKY-A3-003','cron'),
(gen_random_uuid(),'aa000001-0000-4000-a000-000000000001','a1b00003-0000-4000-a000-000000000003','a1f00003-0000-4000-a000-000000000003','2024-12-01','2024-12-01','rent',24000,24000,'paid','bank_paybill','SKY-A3-003','cron'),
(gen_random_uuid(),'aa000001-0000-4000-a000-000000000001','a1b00003-0000-4000-a000-000000000003','a1f00003-0000-4000-a000-000000000003','2025-01-01','2025-01-01','rent',24000,24000,'paid','bank_paybill','SKY-A3-003','cron'),
(gen_random_uuid(),'aa000001-0000-4000-a000-000000000001','a1b00003-0000-4000-a000-000000000003','a1f00003-0000-4000-a000-000000000003','2025-02-01','2025-02-01','rent',24000,0,'open','bank_paybill','SKY-A3-003','cron'),
(gen_random_uuid(),'aa000001-0000-4000-a000-000000000001','a1b00004-0000-4000-a000-000000000004','a1f00004-0000-4000-a000-000000000004','2024-09-01','2024-09-01','rent',45000,45000,'paid','bank_paybill','SKY-A4-004','cron'),
(gen_random_uuid(),'aa000001-0000-4000-a000-000000000001','a1b00004-0000-4000-a000-000000000004','a1f00004-0000-4000-a000-000000000004','2024-10-01','2024-10-01','rent',45000,45000,'paid','bank_paybill','SKY-A4-004','cron'),
(gen_random_uuid(),'aa000001-0000-4000-a000-000000000001','a1b00004-0000-4000-a000-000000000004','a1f00004-0000-4000-a000-000000000004','2024-11-01','2024-11-01','rent',45000,45000,'paid','bank_paybill','SKY-A4-004','cron'),
(gen_random_uuid(),'aa000001-0000-4000-a000-000000000001','a1b00004-0000-4000-a000-000000000004','a1f00004-0000-4000-a000-000000000004','2024-12-01','2024-12-01','rent',45000,45000,'paid','bank_paybill','SKY-A4-004','cron'),
(gen_random_uuid(),'aa000001-0000-4000-a000-000000000001','a1b00004-0000-4000-a000-000000000004','a1f00004-0000-4000-a000-000000000004','2025-01-01','2025-01-01','rent',45000,45000,'paid','bank_paybill','SKY-A4-004','cron'),
(gen_random_uuid(),'aa000001-0000-4000-a000-000000000001','a1b00004-0000-4000-a000-000000000004','a1f00004-0000-4000-a000-000000000004','2025-02-01','2025-02-01','rent',45000,45000,'paid','bank_paybill','SKY-A4-004','cron'),
(gen_random_uuid(),'bb000002-0000-4000-b000-000000000002','b2b00001-0000-4000-b000-000000000001','b2f00001-0000-4000-b000-000000000001','2024-09-01','2024-09-01','rent',18000,18000,'paid','bank_paybill','CH-101-001','cron'),
(gen_random_uuid(),'bb000002-0000-4000-b000-000000000002','b2b00001-0000-4000-b000-000000000001','b2f00001-0000-4000-b000-000000000001','2024-10-01','2024-10-01','rent',18000,18000,'paid','bank_paybill','CH-101-001','cron'),
(gen_random_uuid(),'bb000002-0000-4000-b000-000000000002','b2b00001-0000-4000-b000-000000000001','b2f00001-0000-4000-b000-000000000001','2024-11-01','2024-11-01','rent',18000,18000,'paid','bank_paybill','CH-101-001','cron'),
(gen_random_uuid(),'bb000002-0000-4000-b000-000000000002','b2b00001-0000-4000-b000-000000000001','b2f00001-0000-4000-b000-000000000001','2024-12-01','2024-12-01','rent',18000,18000,'paid','bank_paybill','CH-101-001','cron'),
(gen_random_uuid(),'bb000002-0000-4000-b000-000000000002','b2b00001-0000-4000-b000-000000000001','b2f00001-0000-4000-b000-000000000001','2025-01-01','2025-01-01','rent',18000,18000,'paid','bank_paybill','CH-101-001','cron'),
(gen_random_uuid(),'bb000002-0000-4000-b000-000000000002','b2b00001-0000-4000-b000-000000000001','b2f00001-0000-4000-b000-000000000001','2025-02-01','2025-02-01','rent',18000,0,'open','bank_paybill','CH-101-001','cron'),
(gen_random_uuid(),'bb000002-0000-4000-b000-000000000002','b2b00002-0000-4000-b000-000000000002','b2f00002-0000-4000-b000-000000000002','2024-09-01','2024-09-01','rent',28000,28000,'paid','bank_paybill','CH-102-002','cron'),
(gen_random_uuid(),'bb000002-0000-4000-b000-000000000002','b2b00002-0000-4000-b000-000000000002','b2f00002-0000-4000-b000-000000000002','2024-10-01','2024-10-01','rent',28000,28000,'paid','bank_paybill','CH-102-002','cron'),
(gen_random_uuid(),'bb000002-0000-4000-b000-000000000002','b2b00002-0000-4000-b000-000000000002','b2f00002-0000-4000-b000-000000000002','2024-11-01','2024-11-01','rent',28000,28000,'paid','bank_paybill','CH-102-002','cron'),
(gen_random_uuid(),'bb000002-0000-4000-b000-000000000002','b2b00002-0000-4000-b000-000000000002','b2f00002-0000-4000-b000-000000000002','2024-12-01','2024-12-01','rent',28000,28000,'paid','bank_paybill','CH-102-002','cron'),
(gen_random_uuid(),'bb000002-0000-4000-b000-000000000002','b2b00002-0000-4000-b000-000000000002','b2f00002-0000-4000-b000-000000000002','2025-01-01','2025-01-01','rent',28000,0,'overdue','bank_paybill','CH-102-002','cron'),
(gen_random_uuid(),'bb000002-0000-4000-b000-000000000002','b2b00002-0000-4000-b000-000000000002','b2f00002-0000-4000-b000-000000000002','2025-02-01','2025-02-01','rent',28000,0,'open','bank_paybill','CH-102-002','cron');

-- ============================================================
-- SECTION 8: EMPLOYEES
-- ============================================================
INSERT INTO employees (id,company_id,user_id,full_name,national_id,kra_pin,phone,email,
  job_title,department,employment_type,start_date,
  gross_salary,house_allowance,transport_allowance,
  bank_name,bank_account,preferred_payment_channel) VALUES
('a1c00001-0000-4000-a000-000000000001','aa000001-0000-4000-a000-000000000001','a1000002-0000-4000-a000-000000000002','Grace Wanjiru', '12345002A','A002345678B','+254733100002','grace.wanjiru@skylineproperties.co.ke', 'Property Manager','Management','full_time','2024-01-01',85000,5000,3000,'I&M Bank',   '0011234567','bank_transfer'),
('a1c00002-0000-4000-a000-000000000002','aa000001-0000-4000-a000-000000000001','a1000003-0000-4000-a000-000000000003','Peter Kamau',   '12345003A','A003456789C','+254700100003','peter.kamau@skylineproperties.co.ke',   'Finance Officer', 'Finance',   'full_time','2024-01-01',70000,3000,2000,'I&M Bank',   '0011234568','bank_transfer'),
('a1c00003-0000-4000-a000-000000000003','aa000001-0000-4000-a000-000000000001','a1000004-0000-4000-a000-000000000004','John Njoroge',  '12345004A','A004567890D','+254711100004','john.njoroge@skylineproperties.co.ke',  'Caretaker',       'Operations','full_time','2024-01-01',25000,3000,0,   'Equity Bank','0099887766','bank_transfer'),
('b2c00001-0000-4000-b000-000000000001','bb000002-0000-4000-b000-000000000002','b2000002-0000-4000-b000-000000000002','Hassan Omar',   '22345002A','B002345678C','+254722200002','hassan.omar@coasthaven.co.ke',           'Property Manager','Management','full_time','2024-01-01',75000,4000,3000,'KCB Bank',   '1122334455','bank_transfer'),
('b2c00002-0000-4000-b000-000000000002','bb000002-0000-4000-b000-000000000002','b2000003-0000-4000-b000-000000000003','Amina Sheikh',  '22345003A','B003456789D','+254700200003','amina.sheikh@coasthaven.co.ke',          'Accountant',      'Finance',   'full_time','2024-01-01',65000,3000,2000,'Equity Bank','2233445566','bank_transfer'),
('b2c00003-0000-4000-b000-000000000003','bb000002-0000-4000-b000-000000000002','b2000004-0000-4000-b000-000000000004','Said Juma',     '22345004A','B004567890E','+254711200004','said.juma@coasthaven.co.ke',             'Caretaker',       'Operations','full_time','2024-01-01',22000,3000,0,   'Cooperative','3344556677','bank_transfer'),
('d4c00001-0000-4000-d000-000000000001','dd000004-0000-4000-d000-000000000004','d4000002-0000-4000-d000-000000000002','Agnes Otieno',  '42345002A','D002345678E','+254722400002','agnes.otieno@lakeviewhomes.co.ke',        'Property Manager','Management','full_time','2024-01-01',68000,3000,2000,'Equity Bank','4455667788','bank_transfer'),
('d4c00002-0000-4000-d000-000000000002','dd000004-0000-4000-d000-000000000004','d4000003-0000-4000-d000-000000000003','Kevin Ochieng', '42345003A','D003456789F','+254733400003','kevin.ochieng@lakeviewhomes.co.ke',       'Finance Officer', 'Finance',   'full_time','2024-01-01',58000,3000,2000,'KCB Bank',   '5566778899','bank_transfer'),
('d4c00003-0000-4000-d000-000000000003','dd000004-0000-4000-d000-000000000004','d4000004-0000-4000-d000-000000000004','Michael Owino', '42345004A','D004567890G','+254711400004','michael.owino@lakeviewhomes.co.ke',       'Caretaker',       'Operations','full_time','2024-01-01',20000,3000,0,   'Equity Bank','6677889900','bank_transfer');

-- ============================================================
-- SECTION 9: PAYROLL RUNS
-- ============================================================
INSERT INTO payroll_runs (id,company_id,payroll_month,status,
  total_gross,total_net,total_paye,total_nssf_employee,total_shif,total_ahl_employee,
  created_by,approved_by,approved_at,paid_at,paid_by) VALUES
('a1d00001-0000-4000-a000-000000000001','aa000001-0000-4000-a000-000000000001','2024-09-01','paid',    180000,148920,21000,6000,2580,1500,'a1000003-0000-4000-a000-000000000003','a1000001-0000-4000-a000-000000000001','2024-09-25','2024-09-28','a1000001-0000-4000-a000-000000000001'),
('a1d00002-0000-4000-a000-000000000002','aa000001-0000-4000-a000-000000000001','2024-10-01','paid',    180000,148920,21000,6000,2580,1500,'a1000003-0000-4000-a000-000000000003','a1000001-0000-4000-a000-000000000001','2024-10-25','2024-10-28','a1000001-0000-4000-a000-000000000001'),
('a1d00003-0000-4000-a000-000000000003','aa000001-0000-4000-a000-000000000001','2024-11-01','paid',    180000,148920,21000,6000,2580,1500,'a1000003-0000-4000-a000-000000000003','a1000001-0000-4000-a000-000000000001','2024-11-25','2024-11-28','a1000001-0000-4000-a000-000000000001'),
('a1d00004-0000-4000-a000-000000000004','aa000001-0000-4000-a000-000000000001','2024-12-01','paid',    180000,148920,21000,6000,2580,1500,'a1000003-0000-4000-a000-000000000003','a1000001-0000-4000-a000-000000000001','2024-12-25','2024-12-28','a1000001-0000-4000-a000-000000000001'),
('a1d00005-0000-4000-a000-000000000005','aa000001-0000-4000-a000-000000000001','2025-01-01','approved',180000,148920,21000,6000,2580,1500,'a1000003-0000-4000-a000-000000000003','a1000001-0000-4000-a000-000000000001','2025-01-25',NULL,NULL),
('a1d00006-0000-4000-a000-000000000006','aa000001-0000-4000-a000-000000000001','2025-02-01','draft',   180000,148920,21000,6000,2580,1500,'a1000003-0000-4000-a000-000000000003',NULL,NULL,NULL,NULL);

-- ============================================================
-- SECTION 10: EXPENSES
-- ============================================================
INSERT INTO expenses (id,company_id,property_id,category,description,amount,expense_date,
  paid_by,vendor_name,approval_status,recorded_by,submitted_by,submitted_at,approved_by) VALUES
('a1e00001-0000-4000-a000-000000000001','aa000001-0000-4000-a000-000000000001','a1ee0001-0000-4000-a000-000000000001','maintenance','Elevator servicing',        45000,'2024-09-15','Company','Otis Elevators Ltd','approved','a1000002-0000-4000-a000-000000000002','a1000002-0000-4000-a000-000000000002','2024-09-15','a1000003-0000-4000-a000-000000000003'),
('a1e00002-0000-4000-a000-000000000002','aa000001-0000-4000-a000-000000000001','a1ee0001-0000-4000-a000-000000000001','utilities',   'Electricity Sep 2024',      12000,'2024-09-30','Company','Kenya Power',        'approved','a1000002-0000-4000-a000-000000000002','a1000002-0000-4000-a000-000000000002','2024-09-30','a1000003-0000-4000-a000-000000000003'),
('a1e00003-0000-4000-a000-000000000003','aa000001-0000-4000-a000-000000000001','a1ee0001-0000-4000-a000-000000000001','cleaning',    'Cleaning Oct 2024',          8000,'2024-10-31','Company','SparkClean Ltd',      'approved','a1000002-0000-4000-a000-000000000002','a1000002-0000-4000-a000-000000000002','2024-10-31','a1000003-0000-4000-a000-000000000003'),
('a1e00004-0000-4000-a000-000000000004','aa000001-0000-4000-a000-000000000001','a1ee0002-0000-4000-a000-000000000002','security',    'Security Nov 2024',         18000,'2024-11-30','Company','Securex Agencies',    'approved','a1000002-0000-4000-a000-000000000002','a1000002-0000-4000-a000-000000000002','2024-11-30','a1000003-0000-4000-a000-000000000003'),
('a1e00005-0000-4000-a000-000000000005','aa000001-0000-4000-a000-000000000001','a1ee0001-0000-4000-a000-000000000001','maintenance', 'Water pump repair',         32000,'2024-12-10','Company','AquaFix Ltd',         'approved','a1000004-0000-4000-a000-000000000004','a1000004-0000-4000-a000-000000000004','2024-12-10','a1000003-0000-4000-a000-000000000003'),
('a1e00006-0000-4000-a000-000000000006','aa000001-0000-4000-a000-000000000001','a1ee0001-0000-4000-a000-000000000001','utilities',   'Electricity Jan 2025',      13500,'2025-01-31','Company','Kenya Power',        'approved','a1000002-0000-4000-a000-000000000002','a1000002-0000-4000-a000-000000000002','2025-01-31','a1000003-0000-4000-a000-000000000003'),
('a1e00007-0000-4000-a000-000000000007','aa000001-0000-4000-a000-000000000001','a1ee0001-0000-4000-a000-000000000001','maintenance', 'Gate automation repair',    28000,'2025-02-10','Company','AutoGate Kenya',      'pending', 'a1000004-0000-4000-a000-000000000004','a1000004-0000-4000-a000-000000000004','2025-02-10',NULL),
('b2e00001-0000-4000-b000-000000000001','bb000002-0000-4000-b000-000000000002','b2ee0001-0000-4000-b000-000000000001','maintenance', 'Pool maintenance Q4',       35000,'2024-10-01','Company','AquaPool Kenya',      'approved','b2000002-0000-4000-b000-000000000002','b2000002-0000-4000-b000-000000000002','2024-10-01','b2000003-0000-4000-b000-000000000003'),
('b2e00002-0000-4000-b000-000000000002','bb000002-0000-4000-b000-000000000002','b2ee0001-0000-4000-b000-000000000001','security',    'Security Oct 2024',         24000,'2024-10-31','Company','G4S Kenya',           'approved','b2000002-0000-4000-b000-000000000002','b2000002-0000-4000-b000-000000000002','2024-10-31','b2000003-0000-4000-b000-000000000003'),
('b2e00003-0000-4000-b000-000000000003','bb000002-0000-4000-b000-000000000002','b2ee0002-0000-4000-b000-000000000002','maintenance', 'Roof repair Bamburi',       85000,'2024-11-15','Company','Kenchic Construction','approved','b2000004-0000-4000-b000-000000000004','b2000004-0000-4000-b000-000000000004','2024-11-15','b2000001-0000-4000-b000-000000000001'),
('b2e00004-0000-4000-b000-000000000004','bb000002-0000-4000-b000-000000000002','b2ee0001-0000-4000-b000-000000000001','maintenance', 'Lift inspection',           22000,'2025-01-20','Company','Lifts Kenya Ltd',     'pending', 'b2000004-0000-4000-b000-000000000004','b2000004-0000-4000-b000-000000000004','2025-01-20',NULL),
('c3e00001-0000-4000-c000-000000000001','cc000003-0000-4000-c000-000000000003','c3ee0001-0000-4000-c000-000000000001','maintenance', 'Plumbing repairs',          15000,'2024-10-12','Company','Nakuru Plumbers',     'approved','c3000002-0000-4000-c000-000000000002','c3000002-0000-4000-c000-000000000002','2024-10-12','c3000001-0000-4000-c000-000000000001'),
('d4e00001-0000-4000-d000-000000000001','dd000004-0000-4000-d000-000000000004','d4ee0001-0000-4000-d000-000000000001','maintenance', 'Common area painting',      55000,'2024-09-20','Company','Kisumu Painters',     'approved','d4000002-0000-4000-d000-000000000002','d4000002-0000-4000-d000-000000000002','2024-09-20','d4000003-0000-4000-d000-000000000003'),
('d4e00002-0000-4000-d000-000000000002','dd000004-0000-4000-d000-000000000004','d4ee0001-0000-4000-d000-000000000001','maintenance', 'Borehole pump replacement', 78000,'2025-01-08','Company','Kisumu Pumps Ltd',    'pending', 'd4000004-0000-4000-d000-000000000004','d4000004-0000-4000-d000-000000000004','2025-01-08',NULL);

-- ============================================================
-- SECTION 11: MAINTENANCE REQUESTS
-- Valid statuses: open, in_progress, resolved, closed
-- ============================================================
INSERT INTO maintenance_requests (id,company_id,property_id,unit_id,title,description,
  priority,category,status,reported_by,assigned_to,resolved_at,resolution_notes) VALUES
('a1ab0001-0000-4000-a000-000000000001','aa000001-0000-4000-a000-000000000001','a1ee0001-0000-4000-a000-000000000001','a1f00001-0000-4000-a000-000000000001','Leaking tap',          'Kitchen tap dripping',                   'low',   'plumbing',  'resolved',   'a1000002-0000-4000-a000-000000000002','a1000004-0000-4000-a000-000000000004','2024-09-12','Replaced washer'),
('a1ab0002-0000-4000-a000-000000000002','aa000001-0000-4000-a000-000000000001','a1ee0001-0000-4000-a000-000000000001','a1f00003-0000-4000-a000-000000000003','Broken window latch',  'Bedroom window cannot lock',             'medium','structural','resolved',   'a1000002-0000-4000-a000-000000000002','a1000004-0000-4000-a000-000000000004','2024-10-05','Installed new latch'),
('a1ab0003-0000-4000-a000-000000000003','aa000001-0000-4000-a000-000000000001','a1ee0001-0000-4000-a000-000000000001','a1f00004-0000-4000-a000-000000000004','AC not cooling',       'AC not reaching set temperature',        'high',  'electrical','in_progress','a1000002-0000-4000-a000-000000000002','a1000004-0000-4000-a000-000000000004',NULL,NULL),
('a1ab0004-0000-4000-a000-000000000004','aa000001-0000-4000-a000-000000000001','a1ee0001-0000-4000-a000-000000000001','a1f00002-0000-4000-a000-000000000002','Power socket sparking','Socket sparks when plugging in - URGENT','urgent','electrical','in_progress','a1000002-0000-4000-a000-000000000002','a1000004-0000-4000-a000-000000000004',NULL,NULL),
('b2ab0001-0000-4000-b000-000000000001','bb000002-0000-4000-b000-000000000002','b2ee0001-0000-4000-b000-000000000001','b2f00001-0000-4000-b000-000000000001','Bathroom tiles cracked','Three floor tiles cracked',              'medium','structural','resolved',   'b2000002-0000-4000-b000-000000000002','b2000004-0000-4000-b000-000000000004','2024-10-18','Replaced tiles'),
('b2ab0002-0000-4000-b000-000000000002','bb000002-0000-4000-b000-000000000002','b2ee0002-0000-4000-b000-000000000002','b2f00011-0000-4000-b000-000000000011','Ceiling water stain',  'Brown stain spreading after rains',      'high',  'structural','in_progress','b2000002-0000-4000-b000-000000000002','b2000004-0000-4000-b000-000000000004',NULL,NULL),
('c3ab0001-0000-4000-c000-000000000001','cc000003-0000-4000-c000-000000000003','c3ee0001-0000-4000-c000-000000000001','c3f00002-0000-4000-c000-000000000002','Door lock jammed',     'Front door deadbolt stuck',              'medium','structural','resolved',   'c3000002-0000-4000-c000-000000000002','c3000003-0000-4000-c000-000000000003','2024-10-22','Lubricated deadbolt'),
('c3ab0002-0000-4000-c000-000000000002','cc000003-0000-4000-c000-000000000003','c3ee0001-0000-4000-c000-000000000001','c3f00005-0000-4000-c000-000000000005','Water heater broken',  'Electric heater trips breaker',          'high',  'electrical','open',       'c3000002-0000-4000-c000-000000000002',NULL,NULL,NULL),
('d4ab0001-0000-4000-d000-000000000001','dd000004-0000-4000-d000-000000000004','d4ee0001-0000-4000-d000-000000000001','d4f00002-0000-4000-d000-000000000002','Intercom not working', 'Gate intercom unresponsive',             'medium','electrical','resolved',   'd4000002-0000-4000-d000-000000000002','d4000004-0000-4000-d000-000000000004','2024-11-08','Replaced handset'),
('d4ab0002-0000-4000-d000-000000000002','dd000004-0000-4000-d000-000000000004','d4ee0002-0000-4000-d000-000000000002','d4f00011-0000-4000-d000-000000000011','Parking gate broken',  'Automated gate stuck open - security risk','urgent','structural','in_progress','d4000002-0000-4000-d000-000000000002','d4000004-0000-4000-d000-000000000004',NULL,NULL);

-- ============================================================
-- SECTION 12: FINANCIAL PERIODS
-- ============================================================
INSERT INTO financial_periods (id,company_id,period_month,status,closed_at,closed_by,
  snap_total_revenue,snap_total_expenses,snap_total_payroll,snap_total_arrears,
  snap_total_payments,snap_active_leases,snap_occupancy_rate,snap_generated_at) VALUES
('a1ac0001-0000-4000-a000-000000000001','aa000001-0000-4000-a000-000000000001','2024-09-01','locked','2024-10-05','a1000001-0000-4000-a000-000000000001',494000,57000,148920,0,494000,9,75.0,'2024-10-05'),
('a1ac0002-0000-4000-a000-000000000002','aa000001-0000-4000-a000-000000000001','2024-10-01','locked','2024-11-04','a1000001-0000-4000-a000-000000000001',518000,20000,148920,0,518000,9,75.0,'2024-11-04'),
('a1ac0003-0000-4000-a000-000000000003','aa000001-0000-4000-a000-000000000001','2024-11-01','closed','2024-12-03','a1000001-0000-4000-a000-000000000001',518000,26000,148920,0,518000,9,75.0,'2024-12-03'),
('a1ac0004-0000-4000-a000-000000000004','aa000001-0000-4000-a000-000000000001','2024-12-01','closed','2025-01-06','a1000001-0000-4000-a000-000000000001',483000,45500,148920,35000,483000,9,75.0,'2025-01-06'),
('a1ac0005-0000-4000-a000-000000000005','aa000001-0000-4000-a000-000000000001','2025-01-01','open',NULL,NULL,NULL,NULL,NULL,NULL,NULL,NULL,NULL,NULL),
('a1ac0006-0000-4000-a000-000000000006','aa000001-0000-4000-a000-000000000001','2025-02-01','open',NULL,NULL,NULL,NULL,NULL,NULL,NULL,NULL,NULL,NULL),
('b2ac0001-0000-4000-b000-000000000001','bb000002-0000-4000-b000-000000000002','2024-09-01','locked','2024-10-04','b2000001-0000-4000-b000-000000000001',368000,0,162000,0,368000,10,83.0,'2024-10-04'),
('b2ac0002-0000-4000-b000-000000000002','bb000002-0000-4000-b000-000000000002','2024-10-01','locked','2024-11-05','b2000001-0000-4000-b000-000000000001',368000,59000,162000,0,368000,10,83.0,'2024-11-05'),
('b2ac0003-0000-4000-b000-000000000003','bb000002-0000-4000-b000-000000000002','2024-11-01','open',NULL,NULL,NULL,NULL,NULL,NULL,NULL,NULL,NULL,NULL),
('b2ac0004-0000-4000-b000-000000000004','bb000002-0000-4000-b000-000000000002','2024-12-01','open',NULL,NULL,NULL,NULL,NULL,NULL,NULL,NULL,NULL,NULL);

-- ============================================================
-- SECTION 13: CARETAKER PERMISSIONS
-- ============================================================
INSERT INTO caretaker_permissions (user_id,company_id,property_ids) VALUES
('a1000004-0000-4000-a000-000000000004','aa000001-0000-4000-a000-000000000001',ARRAY['a1ee0001-0000-4000-a000-000000000001'::uuid,'a1ee0002-0000-4000-a000-000000000002'::uuid]),
('b2000004-0000-4000-b000-000000000004','bb000002-0000-4000-b000-000000000002',ARRAY['b2ee0001-0000-4000-b000-000000000001'::uuid,'b2ee0002-0000-4000-b000-000000000002'::uuid]),
('c3000003-0000-4000-c000-000000000003','cc000003-0000-4000-c000-000000000003',ARRAY['c3ee0001-0000-4000-c000-000000000001'::uuid]),
('d4000004-0000-4000-d000-000000000004','dd000004-0000-4000-d000-000000000004',ARRAY['d4ee0001-0000-4000-d000-000000000001'::uuid,'d4ee0002-0000-4000-d000-000000000002'::uuid]);

-- ============================================================
-- SECTION 14: SETUP PROGRESS
-- ============================================================
INSERT INTO company_setup_progress (company_id,step_number,step_name,status,completed_at) VALUES
('aa000001-0000-4000-a000-000000000001',1,'company_details','completed','2024-08-20'),
('aa000001-0000-4000-a000-000000000001',2,'payment_method', 'completed','2024-08-20'),
('aa000001-0000-4000-a000-000000000001',3,'properties',     'completed','2024-08-21'),
('aa000001-0000-4000-a000-000000000001',4,'units',          'completed','2024-08-21'),
('aa000001-0000-4000-a000-000000000001',5,'first_tenant',   'completed','2024-08-28'),
('bb000002-0000-4000-b000-000000000002',1,'company_details','completed','2024-08-15'),
('bb000002-0000-4000-b000-000000000002',2,'payment_method', 'completed','2024-08-15'),
('bb000002-0000-4000-b000-000000000002',3,'properties',     'completed','2024-08-16'),
('bb000002-0000-4000-b000-000000000002',4,'units',          'completed','2024-08-16'),
('bb000002-0000-4000-b000-000000000002',5,'first_tenant',   'completed','2024-08-27'),
('cc000003-0000-4000-c000-000000000003',1,'company_details','completed','2024-08-18'),
('cc000003-0000-4000-c000-000000000003',2,'payment_method', 'completed','2024-08-18'),
('cc000003-0000-4000-c000-000000000003',3,'properties',     'completed','2024-08-19'),
('cc000003-0000-4000-c000-000000000003',4,'units',          'completed','2024-08-19'),
('cc000003-0000-4000-c000-000000000003',5,'first_tenant',   'completed','2024-08-28'),
('dd000004-0000-4000-d000-000000000004',1,'company_details','completed','2024-08-22'),
('dd000004-0000-4000-d000-000000000004',2,'payment_method', 'completed','2024-08-22'),
('dd000004-0000-4000-d000-000000000004',3,'properties',     'completed','2024-08-23'),
('dd000004-0000-4000-d000-000000000004',4,'units',          'completed','2024-08-23'),
('dd000004-0000-4000-d000-000000000004',5,'first_tenant',   'completed','2024-08-28');

-- ============================================================
-- SECTION 15: CSV IMPORT BATCH + UNMATCHED PAYMENTS
-- ============================================================
INSERT INTO csv_import_batches (id,company_id,bank_name,filename,file_hash,
  total_rows,matched_rows,unmatched_rows,duplicate_rows,status,imported_by) VALUES
('a1ad0001-0000-4000-a000-000000000001','aa000001-0000-4000-a000-000000000001',
 'I&M Bank','IM_Bank_Statement_Oct_Dec_2024.csv',
 'a3f1b2c4d5e6f7a8b9c0d1e2f3a4b5c6d7e8f9a0b1c2d3e4f5a6b7c8d9e0f1a2',
 18,14,3,1,'completed','a1000003-0000-4000-a000-000000000003');

INSERT INTO unmatched_payments (id,company_id,source,amount,payer_name,payer_reference,
  transaction_ref,transaction_date,bank_name,resolution) VALUES
('a1ae0001-0000-4000-a000-000000000001','aa000001-0000-4000-a000-000000000001','csv_import',
 25000,'J MWENDA',NULL,'IMB241004001','2024-10-08','I&M Bank','pending'),
('a1ae0002-0000-4000-a000-000000000002','aa000001-0000-4000-a000-000000000001','csv_import',
 38000,'UNKNOWN PAYER','WRONG-REF-999','IMB241005001','2024-10-15','I&M Bank','pending');